{
    "tracker_broadcast": {
        "type": "container",
        "width": 416,
        "background": "#212121",
        "content": {
            "type": "array",
            "orientation": "vertical",
            "dropshadow": true,
            "margin": "5",
            "content": [
                {
                    "type": "layout",
                    "key": "full_item_grid"
                },
                {
                    "type": "layout",
                    "key": "bosses_grid"
                }
            ]
        }
    }
}